# ************************************************************
# Sequel Pro SQL dump
# Version 3408
#
# http://www.sequelpro.com/
# http://code.google.com/p/sequel-pro/
#
# Host: Test (MySQL 5.5.24-0ubuntu0.12.04.1-log)
# Database: trac_web_sites
# Generation Time: 2012-09-09 21:14:07 +0000
# ************************************************************


/*!40101 SET @OLD_CHARACTER_SET_CLIENT=@@CHARACTER_SET_CLIENT */;
/*!40101 SET @OLD_CHARACTER_SET_RESULTS=@@CHARACTER_SET_RESULTS */;
/*!40101 SET @OLD_COLLATION_CONNECTION=@@COLLATION_CONNECTION */;
/*!40101 SET NAMES utf8 */;
/*!40014 SET @OLD_FOREIGN_KEY_CHECKS=@@FOREIGN_KEY_CHECKS, FOREIGN_KEY_CHECKS=0 */;
/*!40101 SET @OLD_SQL_MODE=@@SQL_MODE, SQL_MODE='NO_AUTO_VALUE_ON_ZERO' */;
/*!40111 SET @OLD_SQL_NOTES=@@SQL_NOTES, SQL_NOTES=0 */;


# Dump of table component
# ------------------------------------------------------------

LOCK TABLES `component` WRITE;
/*!40000 ALTER TABLE `component` DISABLE KEYS */;

INSERT INTO `component` (`name`, `owner`, `description`)
VALUES
	(X'4A6F654E796C616E642E636F2E756B',X'61646D696E',X'4D79206D61696E20776562736974652E'),
	(X'654D65726C2E636F2E756B',X'61646D696E',X'54686520654D65726C2E636F2E756B20776562736974652E'),
	(X'4E69784372756E63682E6D65',X'61646D696E',X'546865204E69784372756E63682E6D6520776562736974652E'),
	(X'47656E6572616C',X'61646D696E',X'4E6F6E2073697465207370656369666963207469636B6574732E');

/*!40000 ALTER TABLE `component` ENABLE KEYS */;
UNLOCK TABLES;



/*!40111 SET SQL_NOTES=@OLD_SQL_NOTES */;
/*!40101 SET SQL_MODE=@OLD_SQL_MODE */;
/*!40014 SET FOREIGN_KEY_CHECKS=@OLD_FOREIGN_KEY_CHECKS */;
/*!40101 SET CHARACTER_SET_CLIENT=@OLD_CHARACTER_SET_CLIENT */;
/*!40101 SET CHARACTER_SET_RESULTS=@OLD_CHARACTER_SET_RESULTS */;
/*!40101 SET COLLATION_CONNECTION=@OLD_COLLATION_CONNECTION */;

# ************************************************************
# Sequel Pro SQL dump
# Version 3408
#
# http://www.sequelpro.com/
# http://code.google.com/p/sequel-pro/
#
# Host: Test (MySQL 5.5.24-0ubuntu0.12.04.1-log)
# Database: trac_web_sites
# Generation Time: 2012-09-09 21:03:34 +0000
# ************************************************************


/*!40101 SET @OLD_CHARACTER_SET_CLIENT=@@CHARACTER_SET_CLIENT */;
/*!40101 SET @OLD_CHARACTER_SET_RESULTS=@@CHARACTER_SET_RESULTS */;
/*!40101 SET @OLD_COLLATION_CONNECTION=@@COLLATION_CONNECTION */;
/*!40101 SET NAMES utf8 */;
/*!40014 SET @OLD_FOREIGN_KEY_CHECKS=@@FOREIGN_KEY_CHECKS, FOREIGN_KEY_CHECKS=0 */;
/*!40101 SET @OLD_SQL_MODE=@@SQL_MODE, SQL_MODE='NO_AUTO_VALUE_ON_ZERO' */;
/*!40111 SET @OLD_SQL_NOTES=@@SQL_NOTES, SQL_NOTES=0 */;


# Dump of table ticket
# ------------------------------------------------------------

LOCK TABLES `ticket` WRITE;
/*!40000 ALTER TABLE `ticket` DISABLE KEYS */;

INSERT INTO `ticket` (`id`, `type`, `time`, `changetime`, `component`, `severity`, `priority`, `owner`, `reporter`, `cc`, `version`, `milestone`, `status`, `resolution`, `summary`, `description`, `keywords`)
VALUES
	(56,X'446566656374',1338368476000000,1346321737637902,X'654D65726C2E636F2E756B',NULL,X'4D616A6F72',X'61646D696E',X'61646D696E',X'',X'302E32',X'',X'636C6F736564',X'4669786564',X'4669782068656164657220616E696D6174696F6E206F6E20654D65726C2E636F2E756B206E65772073697465206272616E6368',X'5468652068656164657220616E696D6174696F6E206F6E20746865206E657720654D65726C2E636F2E756B2073697465206272616E636820646F65736E2774207365656D20746F20626520776F726B696E672E0D0A4D61796265206E65656420746F20636865636B2074686174206974277320636865636B6564206F75742074686520636F727265637420636F7079206F66207468652048544D4C352066696C65732066726F6D20746865207265706F7369746F72792E',X'48544D4C352C204A6F654E796C616E642E636F2E756B'),
	(57,X'5461736B',1338369013000000,1346321770859589,X'4E69784372756E63682E6D65',NULL,X'4D616A6F72',X'61646D696E',X'61646D696E',X'',X'312E30',X'',X'6E6577',NULL,X'437265617465206C6F676F20666F72204E69784372756E63682E6D652073697465',X'4E65656420746F2064657369676E206C6F676F20666F72205B687474703A2F2F7777772E6E69786372756E63682E6D652F204E69784372756E63682E6D655D20736974652E',X'4E69784372756E63682E6D652C206C6F676F2C2064657369676E'),
	(58,X'456E68616E63656D656E74',1338370003000000,1346321691522299,X'47656E6572616C',NULL,X'5472697669616C',X'61646D696E',X'61646D696E',X'',X'',NULL,X'6E6577',NULL,X'5365747570204B6579776F726453756767657374506C7567696E206F6E2054726163207369746573',X'496D706C656D656E74205B687474703A2F2F747261632D6861636B732E6F72672F77696B692F4B6579776F726453756767657374506C7567696E204B6579776F726453756767657374506C7567696E5D206F6E20547261632073697465732E',X'547261632C204B6579776F726473'),
	(59,X'5461736B',1338370140000000,1346321696019373,X'47656E6572616C',NULL,X'4D616A6F72',X'61646D696E',X'61646D696E',X'',X'',NULL,X'636C6F736564',X'4669786564',X'456E61626C65206C6F6767696E67206F6E204D79547261632073697465',X'4E65656420746F20656E61626C65206C6F6767696E67206F6E204D795472616320736974652C206173207065722072323230',X'547261632C204C6F6767696E67'),
	(60,X'5461736B',1338386523000000,1338409568000000,X'47656E6572616C',NULL,X'4D616A6F72',X'61646D696E',X'61646D696E',X'',X'',NULL,X'636C6F736564',X'4669786564',X'4372656174652074657374696E6720737461746520666F722054726163207369746573',X'536565207468652073656374696F6E207469746C65643A20224578616D706C653A20416464696E67206F7074696F6E616C2054657374696E67207769746820576F726B666C6F7722205B68747470733A2F2F747261632E6A6F656E796C616E642E636F2E756B2F707269766174652F7765622D73697465732F77696B692F54726163576F726B666C6F7720686572655D20666F72206D6F726520696E666F2E',X'54726163'),
	(61,X'5461736B',1339102064000000,1346321707463946,X'47656E6572616C',NULL,X'4D696E6F72',X'61646D696E',X'61646D696E',X'',X'',NULL,X'636C6F736564',X'4669786564',X'456469742073697465206465736372697074696F6E7320666F722054726163207369746573',X'49206E65656420746F2075706461746520746865206465736372697074696F6E206669656C647320666F7220746865205472616320736974657320746F20736F6D657468696E672061206C6974746C652073686F7274657220666F7220746865206E6F74696669636174696F6E20656D61696C732E20',X''),
	(62,X'5461736B',1338409820000000,1338409820000000,X'4A6F654E796C616E642E636F2E756B',NULL,X'4D616A6F72',X'61646D696E',X'61646D696E',X'',X'312E30',NULL,X'6E6577',NULL,X'437265617465206C6F676F20666F72204A6F654E796C616E642E636F2E756B2073697465',X'4E65656420746F2064657369676E206C6F676F20666F72205B687474703A2F2F7777772E6A6F656E796C616E642E636F2E756B204A6F654E796C616E642E636F2E756B5D20736974652E',X'4C6F676F'),
	(63,X'5461736B',1338410458000000,1340959839000000,X'47656E6572616C',NULL,X'4D616A6F72',X'61646D696E',X'61646D696E',X'',X'312E30',NULL,X'6163636570746564',NULL,X'46696E697368206275696C64696E6720776562207369746573',X'46696E6973682077726974696E6720736974657320666F723A0D0A5B687474703A2F2F7777772E6A6F656E796C616E642E636F2E756B2F204A6F654E796C616E642E636F2E756B5D0D0A5B687474703A2F2F7777772E6E69786372756E63682E6D652F204E69784372756E63682E6D655D0D0A5B687474703A2F2F7777772E654D65726C2E636F2E756B2F20654D65726C2E636F2E756B5D0D0A0D0A446570656E6473206F6E2023320D0A446570656E6473206F6E202336',X''),
	(64,X'5461736B',1338412483000000,1347205696590133,X'47656E6572616C',NULL,X'4D696E6F72',X'61646D696E',X'61646D696E',X'',X'',NULL,X'636C6F736564',X'4669786564',X'536574206C6F676F20666F72207765622D736974657320547261632073697465',X'4E65656420746F2073657420746865206C6F676F20666F72207765622D7369746573205472616320736974652E0D0A0D0A4D617962652075736520746865206F6E652066726F6D20746865205B687474703A2F2F747261632E6564676577616C6C2E6F72672F20547261632077656220736974655D',X'4C6F676F2C2054726163'),
	(65,X'5461736B',1338412587000000,1347205714863605,X'47656E6572616C',NULL,X'4D696E6F72',X'61646D696E',X'61646D696E',X'',X'',NULL,X'636C6F736564',X'4669786564',X'536574206C6F676F20666F72204D79547261632073697465',X'4E65656420746F2073657420746865206C6F676F20666F72204D795472616320736974652E0D0A0D0A4D617962652075736520746865206F6E652066726F6D20746865205B687474703A2F2F747261632E6564676577616C6C2E6F72672F20547261632077656220736974655D',X'4C6F676F2C2054726163'),
	(66,X'5461736B',1346313264020784,1346313264020784,X'47656E6572616C',NULL,X'4D696E6F72',X'61646D696E',X'61646D696E',X'',X'',NULL,X'6E6577',NULL,X'41646420736974657320746F20476F6F676C65205765626D617374657220546F6F6C73',X'4D7920776562207369746573206E65656420746F20626520616464656420746F20476F6F676C65205765626D617374657220546F6F6C732E',X''),
	(67,X'456E68616E63656D656E74',1346314005078209,1346321788674889,X'47656E6572616C',NULL,X'4D696E6F72',X'61646D696E',X'61646D696E',X'',X'',NULL,X'6E6577',NULL,X'496E76657374696761746520696D706C656D656E74696E672064656661756C7420646F6D61696E20706174636820666F7220526F756E6463756265207765626D61696C',X'54686520666F6C6C6F77696E67207061746368206973206D65616E7420746F2064656661756C7420526F756E6463756265206C6F67696E7320746F2074686520646F6D61696E206E616D65207573656420746F2061636365737320746865207765626D61696C20736974652E0D0A0D0A50617463683A2020687474703A2F2F747261632E726F756E64637562652E6E65742F7469636B65742F31343835313934200D0A0D0A546869732073686F756C64206265207465737465642C20696620706F737369626C652C206F6E2054657374536572766572312066697273742C207468656E20646F63756D656E74656420616E6420696E7374616C6C6564206F6E2054657374576562536572766572312C20696620776F726B696E672E',X''),
	(68,X'5461736B',1346320832942643,1346320832942643,X'654D65726C2E636F2E756B',NULL,X'4D696E6F72',X'61646D696E',X'61646D696E',X'',X'',NULL,X'6E6577',NULL,X'4D6F7665207075626C69632054726163207369746520746F20747261632E656D65726C2E636F2E756B',X'202A2041646420444E53207265636F726420666F7220747261632E656D65726C2E636F2E756B0D0A202A2041646420747261632E656D65726C2E636F2E756B20746F2053534C2063657274696669636174650D0A202A204D6F76652070726976617465205472616320746F2068747470733A2F2F707269766174652E6A6F656E796C616E642E636F2E756B2F747261632F0D0A202A2052656D6F766520444E5320666F7220747261632E6A6F656E796C616E642E636F2E756B0D0A202A2052656D6F766520747261632E6A6F656E796C616E642E636F2E756B2066726F6D2053534C2063657274',X''),
	(69,X'5461736B',1346320888730524,1346320888730524,X'4A6F654E796C616E642E636F2E756B',NULL,X'4D696E6F72',X'61646D696E',X'61646D696E',X'',X'',NULL,X'6E6577',NULL,X'52656E616D6520707269766174652E6A6F656E796C616E642E636F2E756B20746F20706F7274616C2E6A6F656E796C616E642E636F2E756B',X'202A205570646174652053534C2063657274730D0A202A2055706461746520444E530D0A202A205570646174652048544D4C206C696E6B7320746F20706F696E7420746F20706F7274616C2E6A6F656E796C616E642E636F2E756B0D0A202A20557064617465206469726563746F7279206E616D657320696E2053564E207265706F',X''),
	(70,X'46757475726520496E7665737469676174696F6E',1346321511945263,1346745277820822,X'47656E6572616C',NULL,X'4D616A6F72',X'61646D696E',X'61646D696E',X'',X'',NULL,X'6E6577',NULL,X'496E766573746967617465207265706C6163696E6720526577726974652072756C657320666F7220736974657320776974682027536572766572416C696173272064697265637469766573',X'4D6F726520696E666F3A0D0A202A205B687474703A2F2F68747470642E6170616368652E6F72672F646F63732F322E322F6D6F642F636F72652E68746D6C23736572766572616C6961735D0D0A202A205B687474703A2F2F7777772E64656269616E2D61646D696E697374726174696F6E2E6F72672F61727469636C65732F3431325D',X''),
	(71,X'46757475726520496E7665737469676174696F6E',1346323112192491,1346323112192491,X'47656E6572616C',NULL,X'4D696E6F72',X'61646D696E',X'61646D696E',X'',X'',NULL,X'6E6577',NULL,X'496E766573746967617465206D6F76696E6720446164277320776562207369746520746F205465737457656253657276657231',X'202A20444E53206D616E6167656D656E74206E6565647320746F20756C74696D6174656C7920626520776974682044796E0D0A202A20446F6D61696E20726567697374726172206E6565647320746F206265206D6F766564206261636B20746F203132335265670D0A202A2049505320546167206E6565647320746F206265206368616E6765642C206E6F7420737572652077686F20697427732063757272656E746C792077697468202D2057484F49530D0A202A20456D61696C206E6565647320746F206265207365747570206F6E20546573744D61696C536572766572310D0A202A20446F776E6C6F6164206120636F7079206F66207468652063757272656E74207369746520616E64207465737420757369676E20696E7465726E616C20444E53206F6E2054657374576562536572766572312E',X''),
	(72,X'446566656374',1346744989822781,1346745142499296,X'47656E6572616C',NULL,X'4D616A6F72',X'61646D696E',X'61646D696E',X'',X'',NULL,X'636C6F736564',X'4669786564',X'5472616E736D697373696F6E20776562205549207265706F7274732022546F6F206D616E7920726564697265637473206F6363757272656420747279696E6720746F206F70656E205B736974655D22',X'5472616E736D697373696F6E20776562205549207265706F7274732022546F6F206D616E7920726564697265637473206F6363757272656420747279696E6720746F206F70656E205B736974655D222E0D0A0D0A497373756520776173207265736F6C766564206F6E205B68747470733A2F2F747261632E6A6F656E796C616E642E636F2E756B2F707269766174652F6D79747261632F204D7920547261635D202863726561746564207468657265206279206163636964656E74292E',X''),
	(73,X'446566656374',1346795475647844,1347203301405086,X'47656E6572616C',NULL,X'4D696E6F72',X'61646D696E',X'61646D696E',X'',X'',NULL,X'636C6F736564',X'27576F726B73466F724D6527',X'46617669636F6E2069636F6E7320696E20536166617269206F6E204D6163204F532058206E6F74207570646174696E6720666F7220616C6C207369746573',X'46617669636F6E2069636F6E7320696E20536166617269206F6E204D6163204F53205820617265206E6F74207570646174696E6720666F7220616C6C2073697465732E',X'');

/*!40000 ALTER TABLE `ticket` ENABLE KEYS */;
UNLOCK TABLES;



/*!40111 SET SQL_NOTES=@OLD_SQL_NOTES */;
/*!40101 SET SQL_MODE=@OLD_SQL_MODE */;
/*!40014 SET FOREIGN_KEY_CHECKS=@OLD_FOREIGN_KEY_CHECKS */;
/*!40101 SET CHARACTER_SET_CLIENT=@OLD_CHARACTER_SET_CLIENT */;
/*!40101 SET CHARACTER_SET_RESULTS=@OLD_CHARACTER_SET_RESULTS */;
/*!40101 SET COLLATION_CONNECTION=@OLD_COLLATION_CONNECTION */;


# ************************************************************
# Sequel Pro SQL dump
# Version 3408
#
# http://www.sequelpro.com/
# http://code.google.com/p/sequel-pro/
#
# Host: Test (MySQL 5.5.24-0ubuntu0.12.04.1-log)
# Database: trac_web_sites
# Generation Time: 2012-09-09 21:13:08 +0000
# ************************************************************


/*!40101 SET @OLD_CHARACTER_SET_CLIENT=@@CHARACTER_SET_CLIENT */;
/*!40101 SET @OLD_CHARACTER_SET_RESULTS=@@CHARACTER_SET_RESULTS */;
/*!40101 SET @OLD_COLLATION_CONNECTION=@@COLLATION_CONNECTION */;
/*!40101 SET NAMES utf8 */;
/*!40014 SET @OLD_FOREIGN_KEY_CHECKS=@@FOREIGN_KEY_CHECKS, FOREIGN_KEY_CHECKS=0 */;
/*!40101 SET @OLD_SQL_MODE=@@SQL_MODE, SQL_MODE='NO_AUTO_VALUE_ON_ZERO' */;
/*!40111 SET @OLD_SQL_NOTES=@@SQL_NOTES, SQL_NOTES=0 */;


# Dump of table ticket_change
# ------------------------------------------------------------

LOCK TABLES `ticket_change` WRITE;
/*!40000 ALTER TABLE `ticket_change` DISABLE KEYS */;

INSERT INTO `ticket_change` (`ticket`, `time`, `author`, `field`, `oldvalue`, `newvalue`)
VALUES
	(56,1338369641000000,X'61646D696E',X'6B6579776F726473',X'48544D4C35',X'48544D4C352C204A6F654E796C616E642E636F2E756B'),
	(56,1338369641000000,X'61646D696E',X'636F6D6D656E74',X'31',X''),
	(56,1338369641000000,X'61646D696E',X'6363',X'6A6F65406A6F656E796C616E642E636F2E756B',X''),
	(56,1338369641000000,X'61646D696E',X'76657273696F6E',X'',X'302E32'),
	(56,1338450653000000,X'61646D696E',X'636F6D6D656E74',X'32',X'497420776F756C64207365656D2074686174207468652048544D4C3520616E696D6174696F6E2069736E2774206576656E207265666572656E63656420696E20736F757263653A2F656D65726C2E636F2E756B2F6272616E636865732F6E65775F736974652F696E6465782E68746D6C234C313820686F77657665722C20746865206261636B67726F756E6420696D6167652069732C20736F207468617420776F756C64206578706C61696E207768792074686520616E696D6174696F6E2069736E2774207365656E202D206A75737420746865206261636B67726F756E6420696D6167652E0D0A0D0A4E65656420746F20696E76657374696761746520686F7720746F20656D626564207468652048544D4C3520696E2074686520696E6465782E68746D6C20706167652E'),
	(56,1338450653000000,X'61646D696E',X'737461747573',X'6E6577',X'6163636570746564'),
	(56,1338496733000000,X'61646D696E',X'636F6D6D656E74',X'33',X'466978656420696E20723233302E'),
	(56,1338496733000000,X'61646D696E',X'7265736F6C7574696F6E',NULL,X'4669786564'),
	(56,1338496733000000,X'61646D696E',X'737461747573',X'6163636570746564',X'636C6F736564'),
	(56,1346321737637902,X'61646D696E',X'636F6D6D656E74',X'34',X''),
	(56,1346321737637902,X'61646D696E',X'636F6D706F6E656E74',X'4A6F654E796C616E642E636F2E756B',X'654D65726C2E636F2E756B'),
	(57,1338369556000000,X'61646D696E',X'636F6D6D656E74',X'31',X''),
	(57,1338369556000000,X'61646D696E',X'76657273696F6E',X'',X'312E30'),
	(57,1338409849000000,X'61646D696E',X'636F6D6D656E74',X'32',X''),
	(57,1338409849000000,X'61646D696E',X'6465736372697074696F6E',X'4E65656420746F2064657369676E206C6F676F20666F72204E69784372756E63682E6D6520736974652E',X'4E65656420746F2064657369676E206C6F676F20666F72205B687474703A2F2F7777772E6E69786372756E63682E6D652F204E69784372756E63682E6D655D20736974652E'),
	(57,1338412653000000,X'61646D696E',X'636F6D6D656E74',X'33',X''),
	(57,1338412653000000,X'61646D696E',X'7072696F72697479',X'437269746963616C',X'4D616A6F72'),
	(57,1346321770859589,X'61646D696E',X'636F6D6D656E74',X'34',X''),
	(57,1346321770859589,X'61646D696E',X'636F6D706F6E656E74',X'4A6F654E796C616E642E636F2E756B',X'4E69784372756E63682E6D65'),
	(58,1338401869000000,X'61646D696E',X'636F6D6D656E74',X'31',X''),
	(58,1338401869000000,X'61646D696E',X'73756D6D617279',X'5365747570204B6579776F726473756767657374506C7567696E206F6E2054726163207369746573',X'5365747570204B6579776F726453756767657374506C7567696E206F6E2054726163207369746573'),
	(58,1346321691522299,X'61646D696E',X'636F6D6D656E74',X'32',X''),
	(58,1346321691522299,X'61646D696E',X'636F6D706F6E656E74',X'4D7954726163',X'47656E6572616C'),
	(59,1338407875000000,X'61646D696E',X'636F6D6D656E74',X'31',X'46697820636F6D6D697474656420696E20723232352E0D0A0D0A4E65656473206465706C6F79696E6720746F2021576562536572766572312C207468656E2074657374696E672E'),
	(59,1338407875000000,X'61646D696E',X'737461747573',X'6E6577',X'6163636570746564'),
	(59,1338408302000000,X'61646D696E',X'636F6D6D656E74',X'32',X'466978656420696E20723232352E'),
	(59,1338408302000000,X'61646D696E',X'7265736F6C7574696F6E',NULL,X'4669786564'),
	(59,1338408302000000,X'61646D696E',X'737461747573',X'6163636570746564',X'636C6F736564'),
	(59,1338535499000000,X'61646D696E',X'636F6D6D656E74',X'33',X''),
	(59,1338535499000000,X'61646D696E',X'73756D6D617279',X'456E61626C65206C6F6767696E67206F6E206D797265706F20547261632073697465',X'456E61626C65206C6F6767696E67206F6E204D79547261632073697465'),
	(59,1338535499000000,X'61646D696E',X'6465736372697074696F6E',X'4E65656420746F20656E61626C65206C6F6767696E67206F6E204D795265706F205472616320736974652C206173207065722072323230',X'4E65656420746F20656E61626C65206C6F6767696E67206F6E204D795472616320736974652C206173207065722072323230'),
	(59,1346321696019373,X'61646D696E',X'636F6D6D656E74',X'34',X''),
	(59,1346321696019373,X'61646D696E',X'636F6D706F6E656E74',X'4D7954726163',X'47656E6572616C'),
	(60,1338409190000000,X'61646D696E',X'636F6D6D656E74',X'31',X''),
	(60,1338409190000000,X'61646D696E',X'737461747573',X'6E6577',X'74657374696E67'),
	(60,1338409387000000,X'61646D696E',X'636F6D6D656E74',X'32',X'466978656420696E207232323720666F72207765622D73697465732E0D0A466978656420696E207232323820666F72206D797265706F2E'),
	(60,1338409568000000,X'61646D696E',X'636F6D6D656E74',X'33',X''),
	(60,1338409568000000,X'61646D696E',X'7265736F6C7574696F6E',NULL,X'4669786564'),
	(60,1338409568000000,X'61646D696E',X'737461747573',X'74657374696E67',X'636C6F736564'),
	(62,1338554094000000,X'61646D696E',X'636F6D6D656E74',X'31',X'497420776F756C6420626520676F6F6420746F20696E636F72706F72617465206D79204D6963726F736F66742063726564656E7469616C73206173206C6F676F73206F6E20746865205B687474703A2F2F7777772E654D65726C2E636F2E756B20654D65726C2E636F2E756B5D20616E64205B687474703A2F2F7777772E4A6F654E796C616E642E636F2E756B204A6F654E796C616E642E636F2E756B5D20736974657320746F6F2E'),
	(62,1338555085000000,X'61646D696E',X'636F6D6D656E74',X'32',X'497420776F756C6420616C736F20626520776F727468206372656174696E6720612043562070616765206F6E205B687474703A2F2F7777772E6A6F656E796C616E642E636F2E756B2F204A6F654E796C616E642E636F2E756B5D2E'),
	(62,1338555353000000,X'61646D696E',X'636F6D6D656E74',X'312E33',X'5265706C79696E6720746F205B636F6D6D656E743A312061646D696E5D3A0D0A3E20497420776F756C6420626520676F6F6420746F20696E636F72706F72617465206D79204D6963726F736F66742063726564656E7469616C73206173206C6F676F73206F6E20746865205B687474703A2F2F7777772E654D65726C2E636F2E756B20654D65726C2E636F2E756B5D20616E64205B687474703A2F2F7777772E4A6F654E796C616E642E636F2E756B204A6F654E796C616E642E636F2E756B5D20736974657320746F6F2E0D0A0D0A4D4350207369746520666F72204D6963726F736F6674207175616C696669636174696F6E7320616E64206C6F676F73206973205B68747470733A2F2F6D63702E6D6963726F736F66742E636F6D2F20686572655D2E'),
	(62,1340959697000000,X'61646D696E',X'636F6D6D656E74',X'34',X'4E65656420746F2063726561746520726F626F74732E7478742066696C657320666F7220736974657320746F6F2E'),
	(62,1340959839000000,X'61646D696E',X'636F6D6D656E74',X'35',X''),
	(62,1340959839000000,X'61646D696E',X'73756D6D617279',X'46696E697368206275696C64696E67207765627369746573',X'46696E697368206275696C64696E6720776562207369746573'),
	(62,1340959839000000,X'61646D696E',X'737461747573',X'6E6577',X'6163636570746564'),
	(63,1338412702000000,X'61646D696E',X'636F6D6D656E74',X'31',X''),
	(63,1338412702000000,X'61646D696E',X'74797065',X'456E68616E63656D656E74',X'5461736B'),
	(63,1347205696590133,X'61646D696E',X'636F6D6D656E74',X'32',X''),
	(63,1347205696590133,X'61646D696E',X'7265736F6C7574696F6E',X'',X'4669786564'),
	(63,1347205696590133,X'61646D696E',X'737461747573',X'6E6577',X'636C6F736564'),
	(64,1338412729000000,X'61646D696E',X'6B6579776F726473',X'4C6F676F2C2054726176',X'4C6F676F2C2054726163'),
	(64,1338412729000000,X'61646D696E',X'636F6D6D656E74',X'31',X''),
	(64,1338412729000000,X'61646D696E',X'74797065',X'456E68616E63656D656E74',X'5461736B'),
	(64,1338535683000000,X'61646D696E',X'636F6D6D656E74',X'32',X''),
	(64,1338535683000000,X'61646D696E',X'73756D6D617279',X'536574206C6F676F20666F72204D795265706F20547261632073697465',X'536574206C6F676F20666F72204D79547261632073697465'),
	(64,1338535683000000,X'61646D696E',X'6465736372697074696F6E',X'4E65656420746F2073657420746865206C6F676F20666F72206D797265706F205472616320736974652E0D0A0D0A4D617962652075736520746865206F6E652066726F6D20746865205B687474703A2F2F747261632E6564676577616C6C2E6F72672F20547261632077656220736974655D',X'4E65656420746F2073657420746865206C6F676F20666F72204D795472616320736974652E0D0A0D0A4D617962652075736520746865206F6E652066726F6D20746865205B687474703A2F2F747261632E6564676577616C6C2E6F72672F20547261632077656220736974655D'),
	(64,1346321702033993,X'61646D696E',X'636F6D6D656E74',X'33',X''),
	(64,1346321702033993,X'61646D696E',X'636F6D706F6E656E74',X'4D7954726163',X'47656E6572616C'),
	(64,1347205714863605,X'61646D696E',X'636F6D6D656E74',X'34',X''),
	(64,1347205714863605,X'61646D696E',X'7265736F6C7574696F6E',X'',X'4669786564'),
	(64,1347205714863605,X'61646D696E',X'737461747573',X'6E6577',X'636C6F736564'),
	(65,1339143013000000,X'61646D696E',X'636F6D6D656E74',X'31',X''),
	(65,1339143013000000,X'61646D696E',X'737461747573',X'6E6577',X'6163636570746564'),
	(65,1339143252000000,X'61646D696E',X'636F6D6D656E74',X'32',X'466978656420696E207232333520616E6420723233362E'),
	(65,1339143252000000,X'61646D696E',X'7265736F6C7574696F6E',NULL,X'4669786564'),
	(65,1339143252000000,X'61646D696E',X'737461747573',X'6163636570746564',X'636C6F736564'),
	(65,1346321707463946,X'61646D696E',X'636F6D6D656E74',X'33',X''),
	(65,1346321707463946,X'61646D696E',X'636F6D706F6E656E74',X'4D7954726163',X'47656E6572616C'),
	(67,1346321788674889,X'61646D696E',X'636F6D6D656E74',X'31',X''),
	(67,1346321788674889,X'61646D696E',X'636F6D706F6E656E74',X'4A6F654E796C616E642E636F2E756B',X'47656E6572616C'),
	(70,1346745277820822,X'61646D696E',X'636F6D6D656E74',X'31',X''),
	(70,1346745277820822,X'61646D696E',X'74797065',X'446566656374',X'46757475726520496E7665737469676174696F6E'),
	(72,1346745142499296,X'61646D696E',X'636F6D6D656E74',X'31',X'5265736F6C76656420696E205B68747470733A2F2F747261632E6A6F656E796C616E642E636F2E756B2F707269766174652F6D79747261632F204D7920547261635D206973737565205B68747470733A2F2F747261632E6A6F656E796C616E642E636F2E756B2F707269766174652F6D79747261632F7469636B65742F3335202333355D2E'),
	(72,1346745142499296,X'61646D696E',X'7265736F6C7574696F6E',X'',X'4669786564'),
	(72,1346745142499296,X'61646D696E',X'737461747573',X'6E6577',X'636C6F736564'),
	(73,1347138802504331,X'61646D696E',X'636F6D6D656E74',X'31',X''),
	(73,1347138802504331,X'61646D696E',X'737461747573',X'6E6577',X'6163636570746564'),
	(73,1347203301405086,X'61646D696E',X'636F6D6D656E74',X'32',X''),
	(73,1347203301405086,X'61646D696E',X'7265736F6C7574696F6E',X'',X'27576F726B73466F724D6527'),
	(73,1347203301405086,X'61646D696E',X'737461747573',X'6163636570746564',X'636C6F736564');

/*!40000 ALTER TABLE `ticket_change` ENABLE KEYS */;
UNLOCK TABLES;



/*!40111 SET SQL_NOTES=@OLD_SQL_NOTES */;
/*!40101 SET SQL_MODE=@OLD_SQL_MODE */;
/*!40014 SET FOREIGN_KEY_CHECKS=@OLD_FOREIGN_KEY_CHECKS */;
/*!40101 SET CHARACTER_SET_CLIENT=@OLD_CHARACTER_SET_CLIENT */;
/*!40101 SET CHARACTER_SET_RESULTS=@OLD_CHARACTER_SET_RESULTS */;
/*!40101 SET COLLATION_CONNECTION=@OLD_COLLATION_CONNECTION */;
